{
  "Salt Lake City": [
    40.7596198,
    -111.886797
  ],
  "Boston": [
    42.3588336,
    -71.0578303
  ],
  "Oak Ridge": [
    36.0103562,
    -84.2696449
  ],
  "Tsukuba, Japan": [
    36.0833265,
    140.077279
  ],
  "Jekyll Island, Georgia": [
    31.0655864,
    -81.4140495
  ],
  "Changsha, China": [
    28.1987538,
    112.9708685
  ],
  "Laramie, WY": [
    41.3116442,
    -105.5917876
  ],
  "Lugano": [
    46.0050102,
    8.9520281
  ],
  "Warsaw": [
    52.2333742,
    21.0711489
  ],
  "Denver": [
    39.7392364,
    -104.984862
  ],
  "Tokyo": [
    35.6768601,
    139.7638947
  ],
  "Doha": [
    25.3108807,
    51.5081812
  ],
  "Phoenix": [
    33.4484367,
    -112.074141
  ],
  "Yorktown Heights, NY": [
    41.270178,
    -73.7753539
  ],
  "Dresden, Germany": [
    51.0493286,
    13.7381437
  ],
  "Lyon": [
    45.7578137,
    4.8320114
  ],
  "New Orleans": [
    29.9561422,
    -90.0733934
  ],
  "Kobe": [
    34.6932379,
    135.1943764
  ],
  "Edinburgh": [
    55.9533456,
    -3.1883749
  ],
  "Gleneden Beach, OR": [
    44.8789911,
    -124.0346728
  ],
  "Tianjin": [
    39.3032619,
    117.4163641
  ],
  "Frankfurt": [
    50.1106444,
    8.6820917
  ],
  "Wadern": [
    49.5410205,
    6.8889313
  ],
  "Krakow": [
    50.0619474,
    19.9368564
  ],
  "Barcelona": [
    41.3825802,
    2.177073
  ],
  "Munich": [
    48.1371079,
    11.5753822
  ],
  "Knoxville": [
    35.9603948,
    -83.9210261
  ],
  "Julich": [
    50.9220931,
    6.3611015
  ],
  "Asheville": [
    35.595363,
    -82.5508407
  ],
  "Paris": [
    48.8534951,
    2.3483915
  ],
  "Glendale, AZ": [
    33.5386858,
    -112.185994
  ],
  "Gleneden Beach, Oregon": [
    44.8789911,
    -124.0346728
  ],
  "Nashville": [
    36.1622767,
    -86.7742984
  ],
  "Kyoto": [
    35.0115754,
    135.7681441
  ],
  "Geneva": [
    46.2017559,
    6.1466014
  ],
  "Wuxi": [
    31.5776626,
    120.2952752
  ],
  "Guangzhou": [
    23.1288454,
    113.2590064
  ],
  "Urbana, IL": [
    40.1117174,
    -88.207301
  ],
  "East London, South Africa": [
    -33.0191604,
    27.8998573
  ],
  "Hanover, MD": [
    39.1928853,
    -76.7241371
  ],
  "Lublin": [
    51.250559,
    22.5701022
  ],
  "Belfast": [
    54.5975805,
    -5.9277097
  ],
  "Bristol": [
    51.4538022,
    -2.5972985
  ],
  "Spetses, Greece": [
    37.2586958,
    23.1397191
  ],
  "Lyon, France": [
    45.7578137,
    4.8320114
  ],
  "Washington, DC": [
    38.8950368,
    -77.0365427
  ],
  "Stockholm": [
    59.3251172,
    18.0710935
  ],
  "Darmstadt": [
    49.872775,
    8.651177
  ],
  "Dallas": [
    32.7762719,
    -96.7968559
  ],
  "Rockville, MD": [
    39.0817985,
    -77.1516844
  ],
  "Wellington": [
    -41.2887953,
    174.7772114
  ],
  "Brisbane": [
    -27.365991,
    152.948963
  ],
  "Boulder": [
    40.0149856,
    -105.270545
  ],
  "Zurich": [
    47.3744489,
    8.5410422
  ],
  "Chicago": [
    41.8755616,
    -87.6244212
  ],
  "Seattle": [
    47.6038321,
    -122.330062
  ],
  "Bialystok, Poland": [
    53.132398,
    23.1591679
  ],
  "Austin": [
    30.2711286,
    -97.7436995
  ],
  "Canberra": [
    -35.2975906,
    149.1012676
  ],
  "Virtual": [
    44.4939936,
    11.3576917
  ],
  "Stony Brook University": [
    40.9090809,
    -73.1205518
  ],
  "UIUC": [
    40.0761545,
    -88.2233134
  ],
  "Atlanta": [
    33.7544657,
    -84.3898151
  ],
  "ORNL": [
    36.0151754,
    -84.2484495
  ],
  "Bologna": [
    44.4938203,
    11.3426327
  ],
  "St Louis": [
    38.6254063,
    -90.190009
  ],
  "Heidelberg": [
    49.4093582,
    8.694724
  ],
  "Salishan": [
    47.2176709,
    -122.4055373
  ],
  "Kansas City": [
    39.100105,
    -94.5781416
  ],
  "Tsukuba": [
    36.0833265,
    140.077279
  ],
  "Georgia Institute of Technology": [
    33.7760948,
    -84.3988077
  ],
  "Argonne National Lab": [
    41.7177843,
    -87.9781814
  ],
  "San Diego": [
    32.7174202,
    -117.162772
  ],
  "Tucson": [
    32.2228765,
    -110.974847
  ],
  "Shonan Village Center, Japan": [
    35.2592451,
    139.6097709
  ],
  "Visby, Gotland, Sweden": [
    57.6379361,
    18.297982
  ],
  "Okinawa": [
    26.5707754,
    128.0255901
  ],
  "Christchurch": [
    -43.530955,
    172.6364343
  ],
  "Milan": [
    45.4641943,
    9.1896346
  ],
  "Hamburg": [
    53.550341,
    10.000654
  ],
  "Berkeley, CA": [
    37.8708393,
    -122.272863
  ],
  "Helsinki": [
    60.1666204,
    24.9435408
  ],
  "St Louis, Missouri": [
    38.6254063,
    -90.190009
  ],
  "Kobe, Japan": [
    34.6932379,
    135.1943764
  ],
  "Berlin": [
    52.5173885,
    13.3951309
  ],
  "Twin Cities": [
    38.2910251,
    -121.31106
  ],
  "Albuquerque": [
    35.0841034,
    -106.650985
  ],
  "Santa Fe, NM": [
    35.6876096,
    -105.938456
  ],
  "Knoxville, TN": [
    35.9603948,
    -83.9210261
  ],
  "Princeton": [
    40.3496953,
    -74.6597376
  ],
  "Rochester, NY": [
    43.157285,
    -77.615214
  ],
  "San Francisco": [
    37.7879363,
    -122.4075201
  ],
  "Portland, OR": [
    45.5202471,
    -122.674194
  ],
  "Charleston": [
    32.7884363,
    -79.9399309
  ],
  "Toronto": [
    43.6534817,
    -79.3839347
  ],
  "Fall Creek, TN": [
    35.5496617,
    -86.5433336
  ],
  "Pittsburgh": [
    40.4406968,
    -80.0025666
  ],
  "Cairo": [
    30.0443879,
    31.2357257
  ],
  "Davos": [
    46.796198,
    9.8236892
  ],
  "Oslo": [
    59.9133301,
    10.7389701
  ],
  "Aldermaston, UK": [
    51.38267,
    -1.1518107
  ],
  "Columbus": [
    39.9622601,
    -83.0007065
  ],
  "West Lafayette": [
    40.4258686,
    -86.9080655
  ],
  "Cetraro, Italy": [
    39.5186619,
    15.9348776
  ],
  "Hilton Head": [
    32.3836299,
    -99.7482751
  ],
  "Hamburg, Germany": [
    53.550341,
    10.000654
  ],
  "Lexington, MA": [
    42.4473175,
    -71.2245003
  ],
  "Annapolis": [
    38.9786401,
    -76.492786
  ],
  "San Jose": [
    37.3361663,
    -121.890591
  ],
  "Ashburn, VA": [
    39.0437192,
    -77.4874899
  ],
  "Engelberg, Switzerland": [
    46.8223497,
    8.4043996
  ],
  "Newport, RI": [
    41.4899827,
    -71.3137707
  ],
  "Los Angeles": [
    34.0536909,
    -118.242766
  ],
  "Beijing": [
    39.9057136,
    116.3912972
  ],
  "Basel, Switzerland": [
    47.5581077,
    7.5878261
  ],
  "Santa Barbara": [
    34.4221319,
    -119.702667
  ],
  "Ann Arbor": [
    42.2813722,
    -83.7484616
  ],
  "Daresbury": [
    53.3401912,
    -2.6329929
  ],
  "Lincoln City, OR": [
    44.9617922,
    -124.0159522
  ],
  "Bowie": [
    33.4198886,
    -94.4479626
  ],
  "Singapore": [
    1.357107,
    103.8194992
  ],
  "Arlington": [
    32.7355816,
    -97.1071186
  ]
}